,sample.id,species.treatments,rep,cond_spp,resp_spp,cond.wet.biomass.wbag.g,cond.wet.biomass.g,conditioning.wet.biomass2wbag.g,cond.wet.biomass2.g,conditioning.dry.biomass.g,conditioning.dry.biomass2.g,paperbag.mass.g,bag2.soy.g,response_planting_date,germination_date_maizeV0.soyVE,maizeV1.soyVC,maizeV2.soyV1,maizeV3,harvestV1.VE.date,final.root.harvest.date,SPAD.mean3,response.wet.mass.g,response.dry.mass.g,idmatch,DNA.conc.rep.1,DNA.conc.rep.2,DNA.conc.rep.3,Mean.DNA.conc,diluted_concentration,ITS1_Ct_mean,ITS1_Ct_sd,ITS1_CN_mean,ITS1_CN_sd,Fungi_qPCR_run,ITS1_CN_per_sample,V3V4_Ct_mean,V3V4_Ct_sd,V3V4_CN_mean,V3V4_CN_sd,V3V4_CN_per_sample,Bacteria_qPCR_run,germination_days,logITS1CopyNumber,logV3V4CopyNumber
HaZm1,RHaZm1,HaZm,1,Sunflower,Maize,15.05,6.84,na,na,1.73,na,8.21,na,04/05/2022,04/10/2022,4/13/2022,4/19/2022,4/26/2022,4/14/2022,4/26/2022,20.3,1.19,0.17,HaZm1,85.209,52.933,58.07,65.404,0.908,24.07,0.043588989,11400,264.5751311,Greenhouse ITS1 Rows A1-A8 B1-B8,164230308.4,23.87,0.194679223,414333.3333,38370.99599,5968955360,Greenhouse 16S Set 1 A1-8 B1-8 C1-8 A9 A10,5,8.21545330842421,9.7758983309476
HaZm2,RHaZm2,HaZm,2,Sunflower,Maize,16.64,8.44,na,na,2.19,na,8.2,na,04/05/2022,04/10/2022,04/12/2022,4/18/2022,4/25/2022,4/14/2022,4/26/2022,22.1,1.33,0.19,HaZm2,72.201,71.224,78.336,73.92033333,1.736,24.86333333,0.109696551,7103.333333,466.9403959,Greenhouse ITS1 Rows A1-A8 B1-B8,60493176.01,24.35666667,0.274286954,331000,44170.12565,2818851421,Greenhouse 16S Set 1 A1-8 B1-8 C1-8 A9 A10,5,7.78170638641524,9.4500721852223
HaZm3,RHaZm3,HaZm,3,Sunflower,Maize,16.78,8.58,na,na,2.24,na,8.2,na,04/05/2022,04/10/2022,04/12/2022,4/19/2022,4/25/2022,4/14/2022,4/26/2022,23.1,1.38,0.19,HaZm3,57.539,62.011,59.068,59.53933333,1.978,24.91,0.075498344,6906.666667,321.299445,Greenhouse ITS1 Rows A1-A8 B1-B8,41579204.13,23.96666667,0.225905585,396000,41327.95664,2383981395,Greenhouse 16S Set 1 A1-8 B1-8 C1-8 A9 A10,5,7.6188761722187,9.37730286177274
HaZm4,RHaZm4,HaZm,4,Sunflower,Maize,15.94,7.73,na,na,1.93,na,8.21,na,04/05/2022,04/10/2022,04/12/2022,4/19/2022,4/25/2022,4/14/2022,4/26/2022,19.9,1.04,0.16,HaZm4,70.049,61.501,68.291,66.61366667,2.057,23.99666667,0.080829038,11933.33333,611.0100927,Greenhouse ITS1 Rows A1-A8 B1-B8,77289556.53,23.85666667,0.232880513,417333.3333,47606.02203,2702975552,Greenhouse 16S Set 1 A1-8 B1-8 C1-8 A9 A10,5,7.88812081542151,9.4318421175894
HaZm5,RHaZm5,HaZm,5,Sunflower,Maize,16.76,8.59,na,na,2.25,na,8.17,na,04/05/2022,04/12/2022,4/14/2022,4/19/2022,4/25/2022,4/15/2022,4/26/2022,19.6,1.2,0.17,HaZm5,60.638,66.128,69.102,65.28933333,1.407,23.15333333,0.032145503,19666.66667,416.3331999,Greenhouse ITS1 Rows A1-A8 B1-B8,182519339.8,24.53,0.213775583,304666.6667,30435.72462,2827502993,Greenhouse 16S Set 1 A1-8 B1-8 C1-8 A9 A10,7,8.26130888919477,9.45140307331197
HaZm6,RHaZm6,HaZm,6,Sunflower,Maize,16.79,8.62,na,na,2.13,na,8.17,na,04/05/2022,04/10/2022,4/13/2022,4/19/2022,4/25/2022,4/14/2022,4/26/2022,20.7,1.34,0.2,HaZm6,74.738,74.27,71.65,73.55266667,1.857,23.87333333,0.1106044,12833.33333,802.0806277,Greenhouse ITS1 Rows A1-A8 B1-B8,101661377.4,23.6,0.290516781,471333.3333,64314.33225,3733745133,Greenhouse 16S Set 1 A1-8 B1-8 C1-8 A9 A10,5,8.00715598961975,9.57214466950234
HaZm7,RHaZm7,HaZm,7,Sunflower,Maize,14.67,6.47,na,na,1.57,na,8.2,na,04/05/2022,04/10/2022,04/12/2022,4/19/2022,4/25/2022,4/14/2022,4/26/2022,24.3,1.44,0.2,HaZm7,66.139,83.587,64.298,71.34133333,1.556,24.36666667,0.070237692,9550,385.8756276,Greenhouse ITS1 Rows A1-A8 B1-B8,87571945.15,24.88333333,0.265392791,258333.3333,32129.9445,2368874607,Greenhouse 16S Set 1 A1-8 B1-8 C1-8 A9 A10,5,7.94236499637354,9.37454207257196
HaZm8,RHaZm8,HaZm,8,Sunflower,Maize,15.06,6.87,na,na,1.68,na,8.19,na,04/05/2022,04/10/2022,04/12/2022,4/19/2022,4/26/2022,4/14/2022,4/26/2022,23.2,1.53,0.26,HaZm8,70.361,82.142,85.417,79.30666667,1.402,21.88,0.303479818,42466.66667,7259.706146,Greenhouse ITS1 Rows A1-A8 B1-B8,480440767.2,23.66,0.812219182,479000,194917.9314,5419100333,Greenhouse 16S Set 1 A1-8 B1-8 C1-8 A9 A10,5,8.68163985180917,9.73392719191752
HaZm9,RHaZm9,HaZm,9,Sunflower,Maize,16.46,8.27,na,na,2.04,na,8.19,na,04/05/2022,04/10/2022,4/13/2022,4/19/2022,4/25/2022,4/14/2022,4/26/2022,22.7,1.32,0.22,HaZm9,84.544,66.17,45.748,65.48733333,1.266,21.42333333,0.04163332,52500,1248.9996,Greenhouse ITS1 Rows C1-8 D1-8 E1-8 A9 A10,543141390.2,24.32666667,0.085049005,333333.3333,12858.20101,3448516763,Greenhouse 16S Set 1 A1-8 B1-8 C1-8 A9 A10,5,8.73491289955295,9.53763234140535
HaZm10,RHaZm10,HaZm,10,Sunflower,Maize,15.62,7.43,na,na,1.98,na,8.19,na,04/05/2022,04/10/2022,04/12/2022,4/18/2022,4/25/2022,4/14/2022,4/26/2022,19.1,1.2,0.18,HaZm10,90.835,77.847,50.697,73.12633333,1.096,21.30666667,0.229419557,56600,7318.469785,Greenhouse ITS1 Rows C1-8 D1-8 E1-8 A9 A10,755282931.8,24.65333333,0.142945211,287000,19313.20792,3829791545,Greenhouse 16S Set 1 A1-8 B1-8 C1-8 A9 A10,5,8.87810967043948,9.58317513602607
ZmGm1,RZmGm1,ZmGm,1,Maize,Soybean,12.9,3.76,na,na,0.92,na,9.14,na,04/05/2022,04/11/2022,4/16/2022,4/26/2022,na,na,4/27/2022,29.7,1,0.18,ZmGm1,53.465,38.477,88.453,60.13166667,1.451,23.96,0.13,11800,900,Greenhouse ITS1 Rows C1-8 D1-8 E1-8 A9 A10,97802021.6,24.6,0.180831413,294666.6667,24583.19209,2442287771,Greenhouse 16S Set 1 A1-8 B1-8 C1-8 A9 A10,6,7.99034783189037,9.38779683487263
ZmGm2,RZmGm2,ZmGm,2,Maize,Soybean,14,4.66,na,na,1.11,na,9.34,na,04/05/2022,04/11/2022,4/18/2022,4/26/2022,na,na,4/27/2022,30.1,0.63,0.14,ZmGm2,56.27,NA,NA,56.27,1.511,25.29666667,0.055075705,5343.333333,168.6218649,Greenhouse ITS1 Rows C1-8 D1-8 E1-8 A9 A10,39797401.28,24.41,0.075498344,321333.3333,11060.44002,2393305978,Greenhouse 16S Set 1 A1-8 B1-8 C1-8 A9 A10,6,7.59985471411882,9.37899822559302
ZmGm3,RZmGm3,ZmGm,3,Maize,Soybean,13.89,4.55,na,na,1.16,na,9.34,na,04/05/2022,04/12/2022,4/15/2022,4/26/2022,na,na,4/27/2022,31.5,0.89,0.2,ZmGm3,81.566,52.279,51.92,61.92166667,3.725,22.41333333,0.051316014,29300,916.515139,Greenhouse ITS1 Rows C1-8 D1-8 E1-8 A9 A10,97412340.05,22.91666667,0.160727513,646333.3333,47648.015,2148834213,Greenhouse 16S Set 1 A1-8 B1-8 C1-8 A9 A10,7,7.98861397614102,9.3322029100672
ZmGm4,RZmGm4,ZmGm,4,Maize,Soybean,12.47,3.48,na,na,0.81,na,8.99,na,04/05/2022,04/11/2022,4/15/2022,4/26/2022,na,na,4/27/2022,34.9,1.1,0.24,ZmGm4,62.422,66.874,74.155,67.817,4.455,23.18,0.04,18566.66667,450.9249753,Greenhouse ITS1 Rows C1-8 D1-8 E1-8 A9 A10,56526852.23,22.75666667,0.105987421,696000,34770.6773,2118995825,Greenhouse 16S Set 1 A1-8 B1-8 C1-8 A9 A10,6,7.75225480189027,9.326130101033
ZmGm5,RZmGm5,ZmGm,5,Maize,Soybean,12.28,3.28,na,na,0.79,na,9,na,04/05/2022,04/12/2022,4/15/2022,4/26/2022,na,na,4/27/2022,34.8,1.31,0.28,ZmGm5,26.687,87.535,85.306,66.50933333,3.489,23.64666667,0.049328829,14166.66667,378.5938897,Greenhouse ITS1 Rows C1-8 D1-8 E1-8 A9 A10,54010636.6,23.34,0.213775583,531333.3333,52290.85325,2025716582,Greenhouse 16S Set 1 A1-8 B1-8 C1-8 A9 A10,7,7.73247929615247,9.30657868313502
ZmGm6,RZmGm6,ZmGm,6,Maize,Soybean,15.14,5.53,na,na,1.4,na,9.61,na,04/05/2022,04/12/2022,4/15/2022,4/26/2022,na,na,4/27/2022,33.1,1.12,0.24,ZmGm6,28.7,37.474,28.745,31.63966667,0.932,24.23333333,0.040414519,10026.66667,253.2455988,Greenhouse ITS1 Rows C1-8 D1-8 E1-8 A9 A10,68077337.16,24.81666667,0.057735027,265333.3333,6658.328118,1801514640,Greenhouse 16S Set 1 A1-8 B1-8 C1-8 A9 A10,7,7.83300256001227,9.25563779576493
ZmGm7,RZmGm7,ZmGm,7,Maize,Soybean,14.93,5.42,na,na,1.32,na,9.51,na,04/05/2022,04/12/2022,4/18/2022,4/26/2022,na,na,4/27/2022,30.3,1.02,0.15,ZmGm7,70.198,54.674,61.167,62.013,2.658,24.33666667,0.170098011,9476.666667,928.2420661,Greenhouse ITS1 Rows C1-8 D1-8 E1-8 A9 A10,44219452.97,23.13666667,0.414045086,589333.3333,111540.725,2749911813,Greenhouse 16S Set 1 A1-8 B1-8 C1-8 A9 A10,7,7.64561336570584,9.43931876665151
ZmGm8,RZmGm8,ZmGm,8,Maize,Soybean,14.46,5.05,na,na,1.2,na,9.41,na,04/05/2022,04/12/2022,4/15/2022,4/25/2022,na,na,4/27/2022,33.9,0.84,0.12,ZmGm8,48.879,73.288,47.456,56.541,2.384,22.81666667,0.040414519,23133.33333,503.3222957,Greenhouse ITS1 Rows C1-8 D1-8 E1-8 A9 A10,109730016.8,22.61666667,1.898903192,916000,570024.5609,4344929195,Greenhouse 16S Set 1 A1-8 B1-8 C1-8 A9 A10,7,8.04032544569154,9.63798270357609
ZmGm9,RZmGm9,ZmGm,9,Maize,Soybean,13.1,3.94,na,na,0.97,na,9.16,na,04/05/2022,04/11/2022,4/15/2022,4/25/2022,na,na,4/27/2022,31.7,1.26,0.26,ZmGm9,59.943,82.957,67.171,70.02366667,10.429,21.69,0.121243557,43000,3080.58436,Greenhouse ITS1 Rows F1-8 G1-8 B-G 9 and 10,57743171.29,21.41,1.243744347,887333.3333,557373.603,1191568387,Greenhouse 16S Set 3 E1-8 G1-8 C-G 9-10,6,7.76150063191613,9.0761189726115
ZmGm10,RZmGm10,ZmGm,10,Maize,Soybean,14.6,5.32,na,na,1.1,na,9.28,na,04/05/2022,04/12/2022,4/15/2022,4/26/2022,na,na,4/27/2022,33.7,1.01,0.2,ZmGm10,105,105,0,105,11.226,21.78666667,0.047258156,40566.66667,1115.048579,Greenhouse ITS1 Rows F1-8 G1-8 B-G 9 and 10,75886335.29,21.95,0.052915026,612000,15716.23365,1144842330,Greenhouse 16S Set 3 E1-8 G1-8 C-G 9-10,7,7.8801635803431,9.05874567888026
TaGm1,RTaGm1,TaGm,1,Spring Wheat,Soybean,11.59,3.32,na,na,1.5,na,8.27,na,04/05/2022,04/13/2022,4/18/2022,4/26/2022,na,4/20/2022,4/27/2022,30.2,1.12,0.24,TaGm1,75.913,82.3,87.381,81.86466667,2.788,23.05333333,0.100664459,20100,1212.435565,Greenhouse ITS1 Rows C1-8 D1-8 E1-8 A9 A10,118040157.8,22.082,1.081050415,656400,384485.7605,3854803960,Greenhouse 16S Set 2 D1-8 E1-8 F1-8 B9 B10,8,8.07202978140758,9.58600229645828
TaGm2,RTaGm2,TaGm,2,Spring Wheat,Soybean,10.16,1.96,na,na,0.9,na,8.2,na,04/05/2022,04/13/2022,4/18/2022,4/26/2022,na,4/20/2022,4/27/2022,27.6,1.15,0.26,TaGm2,85.677,92.978,91.556,90.07033333,13.496,23.91666667,0.1106044,12100,754.9834435,Greenhouse ITS1 Rows C1-8 D1-8 E1-8 A9 A10,16150726.63,22.294,1.089050045,607800,338457.826,811273690,Greenhouse 16S Set 2 D1-8 E1-8 F1-8 B9 B10,8,7.20819206625229,8.90916739182514
TaGm3,RTaGm3,TaGm,3,Spring Wheat,Soybean,10.43,2.15,na,na,1.03,na,8.28,na,04/05/2022,04/13/2022,4/29/2022,4/26/2022,na,4/20/2022,4/27/2022,29.4,1.19,0.21,TaGm3,87.147,79.095,81.284,82.50866667,5.373,24.4,0.069282032,9080,381.5756806,Greenhouse ITS1 Rows C1-8 D1-8 E1-8 A9 A10,27886792.98,22.992,0.753737355,410800,158896.8219,1261662396,Greenhouse 16S Set 2 D1-8 E1-8 F1-8 B9 B10,8,7.44539857266789,9.10094315905294
TaGm4,RTaGm4,TaGm,4,Spring Wheat,Soybean,11.24,2.93,na,na,1.38,na,8.31,na,04/05/2022,04/13/2022,4/18/2022,4/26/2022,na,4/20/2022,4/27/2022,30.4,0.89,0.17,TaGm4,86.193,84.223,84.153,84.85633333,10.38,24.74,0.091651514,7433.333333,400.5413004,Greenhouse ITS1 Rows C1-8 D1-8 E1-8 A9 A10,12153476.13,23.124,1.21102436,422400,255390.4853,690622643.5,Greenhouse 16S Set 2 D1-8 E1-8 F1-8 B9 B10,8,7.08470051235081,8.83924081349488
TaGm5,RTaGm5,TaGm,5,Spring Wheat,Soybean,10.73,2.46,na,na,1.17,na,8.27,na,04/05/2022,04/13/2022,4/18/2022,4/26/2022,na,4/20/2022,4/27/2022,28.9,0.92,0.18,TaGm5,87.483,69.222,87.592,81.43233333,4.753,24.06333333,0.073711148,11066.66667,472.5815626,Greenhouse ITS1 Rows C1-8 D1-8 E1-8 A9 A10,37920660.17,22.916,0.833624616,431600,185242.5437,1478905746,Greenhouse 16S Set 2 D1-8 E1-8 F1-8 B9 B10,8,7.57887588947015,9.16994049631165
TaGm6,RTaGm6,TaGm,6,Spring Wheat,Soybean,10.69,2.39,na,na,1.1,na,8.3,na,04/05/2022,04/13/2022,4/19/2022,4/26/2022,na,4/20/2022,4/27/2022,28.6,0.73,0.18,TaGm6,80.846,86.584,77.703,81.711,2.507,23.49333333,0.080208063,15533.33333,750.5553499,Greenhouse ITS1 Rows C1-8 D1-8 E1-8 A9 A10,101256019.1,22.474,0.218013761,493600,49079.5273,3217594703,Greenhouse 16S Set 2 D1-8 E1-8 F1-8 B9 B10,8,8.00542084901479,9.50753133829128
TaGm7,RTaGm7,TaGm,7,Spring Wheat,Soybean,10.47,2.21,na,na,1.03,na,8.26,na,04/05/2022,04/13/2022,4/18/2022,4/26/2022,na,4/20/2022,4/27/2022,36.3,1.49,0.3,TaGm7,31.808,90.883,89.07,70.587,2.528,24.08,0.075498344,10966.66667,450.9249753,Greenhouse ITS1 Rows C1-8 D1-8 E1-8 A9 A10,61242412.97,23.238,0.271882327,347400,52756.99006,1940025617,Greenhouse 16S Set 2 D1-8 E1-8 F1-8 B9 B10,8,7.78705229370015,9.28780746459429
TaGm8,RTaGm8,TaGm,8,Spring Wheat,Soybean,10.63,2.36,na,na,1.14,na,8.27,na,04/05/2022,04/13/2022,4/18/2022,4/26/2022,na,4/20/2022,4/27/2022,27.3,1.32,0.27,TaGm8,73.623,89.898,91.079,84.86666667,3.177,23.34,0.14106736,17033.33333,1464.01275,Greenhouse ITS1 Rows C1-8 D1-8 E1-8 A9 A10,91001713.71,22.55,0.920543318,520000,246479.208,2778134509,Greenhouse 16S Set 2 D1-8 E1-8 F1-8 B9 B10,8,7.95904957086822,9.44375326915619
TaGm9,RTaGm9,TaGm,9,Spring Wheat,Soybean,11.33,3.07,na,na,1.38,na,8.26,na,04/05/2022,04/13/2022,4/18/2022,4/26/2022,na,4/20/2022,4/27/2022,31.6,1.41,0.27,TaGm9,59.208,79.486,43.886,60.86,3.348,22.04666667,0.120138809,34966.66667,2350.177298,Greenhouse ITS1 Rows F1-8 G1-8 B-G 9 and 10,127124930.3,22.64333333,0.032145503,444333.3333,6429.100507,1615419753,Greenhouse 16S Set 3 E1-8 G1-8 C-G 9-10,8,8.10423072781608,9.20828538903587
TaGm10,RTaGm10,TaGm,10,Spring Wheat,Soybean,10.16,1.85,na,na,0.89,na,8.31,na,04/05/2022,04/13/2022,4/18/2022,4/26/2022,na,4/20/2022,4/27/2022,34.1,1.42,0.27,TaGm10,87.819,90.985,91.782,90.19533333,5.434,21.88666667,0.032145503,38400,700,Greenhouse ITS1 Rows F1-8 G1-8 B-G 9 and 10,127475185.9,22.41333333,0.27319102,496333.3333,64933.29911,1647661039,Greenhouse 16S Set 3 E1-8 G1-8 C-G 9-10,8,8.10542565398162,9.21686787238966
ZmZm1,RZmZm1,ZmZm,1,Maize,Maize,14.19,6.04,na,na,1.17,na,8.15,na,04/05/2022,04/10/2022,4/14/2022,4/19/2022,4/25/2022,4/15/2022,4/26/2022,20.6,1.41,0.21,ZmZm1,80.551,105,105,96.85033333,6.528,22.76666667,0.040414519,23133.33333,577.3502692,Greenhouse ITS1 Rows F1-8 G1-8 B-G 9 and 10,68641882.49,22.46333333,0.7366365,501666.6667,180289.5819,1488559555,Greenhouse 16S Set 3 E1-8 G1-8 C-G 9-10,5,7.83658918544392,9.17276621479092
ZmZm2,RZmZm2,ZmZm,2,Maize,Maize,12.11,3.95,na,na,0.79,na,8.16,na,04/05/2022,04/10/2022,4/14/2022,4/19/2022,4/25/2022,4/15/2022,4/26/2022,22.1,1.25,0.18,ZmZm2,56.949,63.317,74.223,64.82966667,8.262,23.21666667,0.070945989,17833.33333,709.4598885,Greenhouse ITS1 Rows F1-8 G1-8 B-G 9 and 10,27986663.17,23.75666667,0.182300119,265333.3333,22479.6204,416399698.8,Greenhouse 16S Set 3 E1-8 G1-8 C-G 9-10,5,7.44695112092975,8.61951040669454
ZmZm3,RZmZm3,ZmZm,3,Maize,Maize,13.08,4.95,na,na,0.91,na,8.13,na,04/05/2022,04/10/2022,4/14/2022,4/19/2022,4/25/2022,4/15/2022,4/26/2022,20.7,0.86,0.12,ZmZm3,41.242,57.895,73.265,57.46733333,5.793,22.54,0.07,26333.33333,1050.39675,Greenhouse ITS1 Rows F1-8 G1-8 B-G 9 and 10,52246036.4,24.15,0.398371686,223000,38974.35054,442437953.8,Greenhouse 16S Set 3 E1-8 G1-8 C-G 9-10,5,7.71805334866057,8.64585237512055
ZmZm4,RZmZm4,ZmZm,4,Maize,Maize,13.51,5.38,na,na,0.98,na,8.13,na,04/05/2022,04/12/2022,4/15/2022,4/19/2022,4/25/2022,4/15/2022,4/26/2022,20.4,1.35,0.19,ZmZm4,71.612,52.986,78.955,67.851,7.521,24.30333333,0.028867513,9550,164.6207763,Greenhouse ITS1 Rows F1-8 G1-8 B-G 9 and 10,17231140.81,23.71333333,0.205020324,271000,26000,488967451.1,Greenhouse 16S Set 3 E1-8 G1-8 C-G 9-10,7,7.23631403142868,8.68927995057937
ZmZm5,RZmZm5,ZmZm,5,Maize,Maize,13.31,5.15,na,na,1.02,na,8.16,na,04/05/2022,04/10/2022,4/14/2022,4/19/2022,4/25/2022,4/15/2022,4/26/2022,22.7,0.94,0.13,ZmZm5,82.695,68.248,79.206,76.71633333,7.5,22.86,0.06244998,21900,818.5352772,Greenhouse ITS1 Rows F1-8 G1-8 B-G 9 and 10,44802338.66,23.51666667,0.28360771,297333.3333,38004.38571,608275282.9,Greenhouse 16S Set 3 E1-8 G1-8 C-G 9-10,5,7.65130068454779,8.7841001693838
ZmZm6,RZmZm6,ZmZm,6,Maize,Maize,12.52,4.36,na,na,0.8,na,8.16,na,04/05/2022,04/10/2022,4/14/2022,4/19/2022,4/25/2022,4/15/2022,4/26/2022,16.1,1.7,0.24,ZmZm6,48.842,74.12,36.037,52.99966667,2.058,23.03666667,0.092915732,19800,1044.030651,Greenhouse ITS1 Rows F1-8 G1-8 B-G 9 and 10,101981865.9,23.38,0.226053091,316000,32233.52292,1627589375,Greenhouse 16S Set 3 E1-8 G1-8 C-G 9-10,5,8.0085229537254,9.21154484609036
ZmZm7,RZmZm7,ZmZm,7,Maize,Maize,14.11,5.94,na,na,1.07,na,8.17,na,04/05/2022,04/10/2022,4/14/2022,4/19/2022,4/25/2022,4/15/2022,4/26/2022,15.5,1.35,0.19,ZmZm7,47.627,44.463,61.384,51.158,4.685,22.97,0.055677644,20566.66667,709.4598885,Greenhouse ITS1 Rows F1-8 G1-8 B-G 9 and 10,44915668.45,23.15333333,0.2307235,351333.3333,38214.30797,767279003.9,Greenhouse 16S Set 3 E1-8 G1-8 C-G 9-10,5,7.65239786738088,8.88495331417215
ZmZm8,RZmZm8,ZmZm,8,Maize,Maize,14.98,6.83,na,na,1.18,na,8.15,na,04/05/2022,04/10/2022,4/14/2022,4/19/2022,4/25/2022,4/15/2022,4/26/2022,17.2,1.32,0.19,ZmZm8,79.343,59.092,50.136,62.857,4.572,23.51333333,0.061101009,15033.33333,503.3222957,Greenhouse ITS1 Rows F1-8 G1-8 B-G 9 and 10,41336405.66,23.77333333,0.089628864,262666.6667,10692.67662,722241411.5,Greenhouse 16S Set 3 E1-8 G1-8 C-G 9-10,5,7.61633271056187,8.8586823861544
ZmZm9,RZmZm9,ZmZm,9,Maize,Maize,13.5,5.32,na,na,0.89,na,8.18,na,04/05/2022,04/10/2022,4/14/2022,4/19/2022,4/25/2022,4/15/2022,4/26/2022,19.9,1.32,0.19,ZmZm9,60.535,54.965,30.359,48.61966667,3.869,22.92,0.065574385,21200,854.4003745,Greenhouse ITS1 Rows F1-8 G1-8 B-G 9 and 10,53281826.49,0,0,242620.9,0,609777580,NA,5,7.7265791039425,8.78517145239853
ZmZm10,RZmZm10,ZmZm,10,Maize,Maize,14.27,6.09,na,na,1.08,na,8.18,na,04/05/2022,04/10/2022,4/15/2022,4/19/2022,4/25/2022,4/15/2022,4/26/2022,17.7,1.38,0.19,ZmZm10,84.941,43.933,44.258,57.71066667,4.719,22.25333333,0.130511813,31133.33333,2254.624876,Greenhouse ITS1 Rows F1-8 G1-8 B-G 9 and 10,76148566.32,0,0,277712.2,0,679252223.1,NA,5,7.88166173111035,8.83203106847894
GmZm1,RGmZm1,GmZm,1,Soybean,Maize,15.04,6.68,12.17,3.79,2.14,1.25,8.36,8.38,04/05/2022,04/11/2022,4/14/2022,4/19/2022,4/25/2022,4/14/2022,4/26/2022,26.7,1.35,0.16,GmZm1,85.479,83.079,63.524,77.36066667,3.046,21.42666667,0.170098011,50200,4762.35236,Greenhouse ITS1 Rows F1-8 G1-8 B-G 9 and 10,254990510,23.32333333,0.30892286,343333.3333,47930.50525,1743958999,Greenhouse 16S Set 2 D1-8 E1-8 F1-8 B9 B10,6,8.40652401756601,9.24153627032283
GmZm2,RGmZm2,GmZm,2,Soybean,Maize,13.94,5.59,13.78,5.42,1.81,1.81,8.35,8.36,04/05/2022,04/11/2022,4/13/2022,4/18/2022,4/25/2022,4/14/2022,4/26/2022,27.5,2.2,0.29,GmZm2,63.419,72.865,51.434,62.57266667,4.03,22.87333333,0.06350853,21733.33333,838.6497084,Greenhouse ITS1 Rows F1-8 G1-8 B-G 9 and 10,67489460.16,23.51666667,0.333216646,314000,50744.45783,975077783.3,Greenhouse 16S Set 2 D1-8 E1-8 F1-8 B9 B10,6,7.82923595428644,8.9890392613504
GmZm3,RGmZm3,GmZm,3,Soybean,Maize,13.45,5.11,12.78,4.43,1.68,1.45,8.34,8.35,04/05/2022,04/11/2022,4/13/2022,4/19/2022,4/25/2022,4/14/2022,4/26/2022,25.2,1.62,0.21,GmZm3,49.284,83.964,56.853,63.367,5.204,23.13333333,0.058594653,18733.33333,642.9100507,Greenhouse ITS1 Rows F1-8 G1-8 B-G 9 and 10,45621642.33,23.11333333,0.299388265,379333.3333,54601.58728,923797668.5,Greenhouse 16S Set 2 D1-8 E1-8 F1-8 B9 B10,6,7.65917091535576,8.96557686183036
GmZm4,RGmZm4,GmZm,4,Soybean,Maize,13.63,5.28,11.52,3.2,1.71,1.01,8.35,8.32,04/05/2022,04/11/2022,4/13/2022,4/19/2022,4/25/2022,4/14/2022,4/26/2022,23.4,1.1,0.15,GmZm4,83.906,78.044,68.611,76.85366667,5.778,22.47333333,0.049328829,27366.66667,838.6497084,Greenhouse ITS1 Rows F1-8 G1-8 B-G 9 and 10,72801269.57,22.45333333,0.350190424,520000,90205.32135,1383312796,Greenhouse 16S Set 2 D1-8 E1-8 F1-8 B9 B10,6,7.8621389529729,9.14092039429358
GmZm5,RGmZm5,GmZm,5,Soybean,Maize,13.26,4.89,13.2,4.83,1.52,1.47,8.37,8.37,04/05/2022,04/11/2022,04/12/2022,4/18/2022,4/25/2022,4/14/2022,4/26/2022,18,1.19,0.16,GmZm5,81.197,71.478,69.479,74.05133333,5.884,22.80666667,0.090184995,22600,1200,Greenhouse ITS1 Rows F1-8 G1-8 B-G 9 and 10,56885116.7,22.31333333,0.466082968,559666.6667,123451.745,1408703701,Greenhouse 16S Set 2 D1-8 E1-8 F1-8 B9 B10,6,7.75499865337982,9.14881965559852
GmZm6,RGmZm6,GmZm,6,Soybean,Maize,12.16,3.8,14.35,6,1.13,1.86,8.36,8.35,04/05/2022,04/11/2022,4/13/2022,4/18/2022,4/25/2022,4/14/2022,4/26/2022,22.4,1.77,0.22,GmZm6,83.452,84.838,81.034,83.108,2.734,22.91,0.036055513,21300,458.2575695,Greenhouse ITS1 Rows F1-8 G1-8 B-G 9 and 10,129495274.3,23.04,0.183575598,391000,34073.45007,2377119824,Greenhouse 16S Set 2 D1-8 E1-8 F1-8 B9 B10,6,8.11225391990081,9.37605107385709
GmZm7,RGmZm7,GmZm,7,Soybean,Maize,16.68,8.33,na,na,2.72,na,8.35,na,04/05/2022,04/12/2022,4/15/2022,4/19/2022,4/25/2022,4/15/2022,4/26/2022,27.6,1.72,0.21,GmZm7,58.234,79.076,73.313,70.20766667,4.355,23.99,0.043588989,11400,264.5751311,Greenhouse ITS1 Rows F1-8 G1-8 B-G 9 and 10,36756252.58,22.48,0.620241888,523666.6667,151282.2968,1688423182,Greenhouse 16S Set 2 D1-8 E1-8 F1-8 B9 B10,7,7.56533122723017,9.22748130637361
GmZm8,RGmZm8,GmZm,8,Soybean,Maize,15.15,6.77,12.4,4.09,2.16,1.33,8.38,8.31,04/05/2022,04/11/2022,4/13/2022,4/18/2022,4/25/2022,4/14/2022,4/26/2022,25.4,1.44,0.19,GmZm8,64.742,70.493,74.63,69.955,2.839,21.71333333,0.102632029,42433.33333,2510.644008,Greenhouse ITS1 Rows F1-8 G1-8 B-G 9 and 10,209117564.9,22.36666667,0.355011737,541666.6667,91182.96625,2669411178,Greenhouse 16S Set 2 D1-8 E1-8 F1-8 B9 B10,6,8.32039051306044,9.42641547471772
GmZm9,RGmZm9,GmZm,9,Soybean,Maize,13.88,5.55,14.61,6.28,1.76,2.05,8.33,8.33,04/05/2022,04/11/2022,4/13/2022,4/18/2022,4/25/2022,4/14/2022,4/26/2022,33.5,1.57,0.21,GmZm9,83.603,69.625,48.689,67.30566667,3.069,22.64,0.01,24833.33333,208.1665999,Greenhouse ITS1 Rows F1-8 G1-8 B-G 9 and 10,108923040.4,23.40333333,0.339754814,313666.6667,48013.88688,1375793034,Greenhouse 16S Set 3 E1-8 G1-8 C-G 9-10,6,8.03711975542329,9.13855310617259
GmZm10,RGmZm10,GmZm,10,Soybean,Maize,17.43,9.08,na,na,2.75,na,8.35,na,04/05/2022,04/11/2022,4/13/2022,4/18/2022,4/25/2022,4/14/2022,4/26/2022,28.9,1.96,0.24,GmZm10,76.599,84.203,78.581,79.79433333,5.477,22.70333333,0.070945989,24000,916.515139,Greenhouse ITS1 Rows F1-8 G1-8 B-G 9 and 10,69931130.18,23.32,0.265141472,325666.6667,39513.7107,948926585.9,Greenhouse 16S Set 3 E1-8 G1-8 C-G 9-10,6,7.84467054707295,8.97723261435371
GmGm1,RGmGm1,GmGm,1,Soybean,Soybean,13.85,5.49,11.9,3.5,1.66,1.04,8.36,8.4,04/05/2022,04/14/2022,4/19/2022,4/26/2022,na,4/20/2022,4/27/2022,29.7,0.88,0.19,GmGm1,87.123,79.589,87.717,84.80966667,2.276,22.02333333,0.086216781,38600,2029.778313,Greenhouse ITS1 Rows A1-A8 B1-B8,287667234.9,22.96666667,0.083864971,629333.3333,25735.83753,4690118649,Greenhouse 16S Set 1 A1-8 B1-8 C1-8 A9 A10,9,8.45889039886469,9.6711838294857
GmGm2,RGmGm2,GmGm,2,Soybean,Soybean,14.25,5.89,11.14,2.75,1.79,0.82,8.36,8.39,04/05/2022,04/13/2022,4/18/2022,4/25/2022,na,4/20/2022,4/27/2022,34.7,1.17,0.26,GmGm2,89.22,85.648,79.478,84.782,4.891,24.19,0.185202592,10673.33333,1191.693473,Greenhouse ITS1 Rows A1-A8 B1-B8,37002925.65,21.96666667,0.122202019,1008333.333,58380.93296,3495747972,Greenhouse 16S Set 1 A1-8 B1-8 C1-8 A9 A10,8,7.56823606307834,9.54354011437564
GmGm3,RGmGm3,GmGm,3,Soybean,Soybean,17.84,9.48,na,na,2.98,na,8.36,na,04/05/2022,04/13/2022,4/18/2022,4/26/2022,na,4/20/2022,4/27/2022,30.3,1.18,0.24,GmGm3,63.816,73.517,73.843,70.392,5.723,22.6,0.036055513,27366.66667,568.6240703,Greenhouse ITS1 Rows A1-A8 B1-B8,67321139.26,21.06333333,0.100664459,1533333.333,70237.69169,3771951774,Greenhouse 16S Set 1 A1-8 B1-8 C1-8 A9 A10,8,7.8281514568306,9.57656613146201
GmGm4,RGmGm4,GmGm,4,Soybean,Soybean,14.32,5.98,11.9,3.51,1.94,1.17,8.34,8.39,04/05/2022,04/13/2022,4/19/2022,4/26/2022,na,4/20/2022,4/27/2022,32.7,1.23,0.27,GmGm4,88.27,85.835,77.596,83.90033333,6.616,22.79333333,0.127017059,24500,1819.34054,Greenhouse ITS1 Rows A1-A8 B1-B8,62139001.41,21.2,0.051961524,1440000,34641.01615,3652251511,Greenhouse 16S Set 1 A1-8 B1-8 C1-8 A9 A10,8,7.79336426974916,9.56256067742697
GmGm5,RGmGm5,GmGm,5,Soybean,Soybean,14.61,6.23,13.89,5.5,1.97,1.73,8.38,8.39,04/05/2022,04/14/2022,4/18/2022,4/26/2022,na,4/20/2022,4/27/2022,30.3,1.02,0.22,GmGm5,75.108,82.741,84.425,80.758,4,22.50333333,0.030550505,29000,529.1502622,Greenhouse ITS1 Rows A1-A8 B1-B8,117099100,22.39666667,0.116761866,824333.3333,45720.16331,3328575567,Greenhouse 16S Set 1 A1-8 B1-8 C1-8 A9 A10,9,8.06855355718564,9.52225842097181
GmGm6,RGmGm6,GmGm,6,Soybean,Soybean,12.95,4.62,na,na,1.34,na,8.33,na,04/05/2022,04/13/2022,4/19/2022,4/26/2022,na,4/20/2022,4/27/2022,32.3,1.4,0.28,GmGm6,56.229,75.696,76.483,69.46933333,1.473,23.29,0.122882057,18166.66667,1285.820101,Greenhouse ITS1 Rows A1-A8 B1-B8,171354544.8,21.84333333,0.275378527,1069333.333,131914.1135,10086337240,Greenhouse 16S Set 1 A1-8 B1-8 C1-8 A9 A10,8,8.23389562761844,10.0037334848446
GmGm7,RGmGm7,GmGm,7,Soybean,Soybean,17.08,8.7,na,na,2.7,na,8.38,na,04/05/2022,04/12/2022,4/16/2022,4/25/2022,na,4/20/2022,4/27/2022,35,1.28,0.29,GmGm7,85.38,56.812,87.105,76.43233333,2.656,21.32333333,0.02081666,58666.66667,737.1114796,Greenhouse ITS1 Rows A1-A8 B1-B8,337652878.2,22.43333333,0.170391706,810666.6667,62067.16792,4665748862,Greenhouse 16S Set 1 A1-8 B1-8 C1-8 A9 A10,7,8.52847045605842,9.66892135880774
GmGm8,RGmGm8,GmGm,8,Soybean,Soybean,14.63,6.27,na,na,1.95,na,8.36,na,04/05/2022,04/13/2022,4/18/2022,4/26/2022,na,4/20/2022,4/27/2022,30.7,1.3,0.24,GmGm8,78.738,41.523,47.763,56.008,0.893,22.91666667,0.14571662,22733.33333,1985.782801,Greenhouse ITS1 Rows A1-A8 B1-B8,285162045.5,23.26333333,0.090737717,549000,23515.95203,6886537962,Greenhouse 16S Set 1 A1-8 B1-8 C1-8 A9 A10,8,8.45509172129617,9.83800094587408
GmGm9,RGmGm9,GmGm,9,Soybean,Soybean,10.98,2.61,na,na,0.76,na,8.37,na,04/05/2022,04/13/2022,4/18/2022,4/25/2022,na,4/20/2022,4/27/2022,31.7,1.41,0.3,GmGm9,34.128,80.398,70.173,61.56633333,4.265,23.18666667,0.066583281,18166.66667,709.4598885,Greenhouse ITS1 Rows F1-8 G1-8 B-G 9 and 10,52448068.25,22.37666667,0.156950098,535000,40841.15571,1544571551,Greenhouse 16S Set 2 D1-8 E1-8 F1-8 B9 B10,8,7.71972949703262,9.18880803143625
GmGm10,RGmGm10,GmGm,10,Soybean,Soybean,14.6,6.29,na,na,1.93,na,8.31,na,04/05/2022,04/13/2022,4/16/2022,4/25/2022,na,4/20/2022,4/27/2022,33.1,1.19,0.26,GmGm10,88.026,85.992,82.001,85.33966667,4.932,23.36666667,0.087368949,16366.66667,832.6663998,Greenhouse ITS1 Rows F1-8 G1-8 B-G 9 and 10,56639330,22.10666667,0.123423391,608000,35085.60959,2104076129,Greenhouse 16S Set 2 D1-8 E1-8 F1-8 B9 B10,8,7.75311810734019,9.32306144926805
PsZm1,RPsZm1,PsZm,1,Pea,Maize,11.61,3.35,na,na,0.99,na,8.26,na,04/05/2022,04/11/2022,4/14/2022,4/18/2022,4/25/2022,4/15/2022,4/26/2022,25.1,1.54,0.2,PsZm1,95.402,92.65,90.813,92.955,4.575,23.17666667,0.09504385,18733.33333,1050.39675,Greenhouse ITS1 Rows C1-8 D1-8 E1-8 A9 A10,76124896.17,23.03333333,0.265581124,394333.3333,47920.07234,1602415519,Greenhouse 16S Set 2 D1-8 E1-8 F1-8 B9 B10,6,7.88152671328853,9.20477514234108
PsZm2,RPsZm2,PsZm,2,Pea,Maize,12.53,4.3,na,na,1.17,na,8.23,na,04/05/2022,04/11/2022,4/14/2022,4/18/2022,4/25/2022,4/15/2022,4/26/2022,22.4,1.84,0.24,PsZm2,89.398,84.872,72.122,82.13066667,8.501,24.24,0.098488578,9983.333333,550.8478314,Greenhouse ITS1 Rows C1-8 D1-8 E1-8 A9 A10,19290385.18,22.61666667,0.609945353,490000,134309.3444,946806885.5,Greenhouse 16S Set 2 D1-8 E1-8 F1-8 B9 B10,6,7.28534089948828,8.97626140760493
PsZm3,RPsZm3,PsZm,3,Pea,Maize,13.54,5.3,na,na,1.52,na,8.24,na,04/05/2022,04/11/2022,4/14/2022,4/19/2022,4/25/2022,4/15/2022,4/26/2022,24,1.62,0.23,PsZm3,86.42,71.919,78.11,78.81633333,6.266,25.34333333,0.15011107,5213.333333,460.904907,Greenhouse ITS1 Rows C1-8 D1-8 E1-8 A9 A10,13115091.53,22.91,0.3122499,417666.6667,60185.82336,1050716732,Greenhouse 16S Set 2 D1-8 E1-8 F1-8 B9 B10,6,7.11777132587073,9.02148564817778
PsZm4,RPsZm4,PsZm,4,Pea,Maize,14.33,6.1,na,na,1.76,na,8.23,na,04/05/2022,04/11/2022,4/14/2022,4/18/2022,4/25/2022,4/15/2022,4/26/2022,28.3,1.64,0.25,PsZm4,92.244,85.708,70.261,82.73766667,6.62,24.86,0.15132746,6956.666667,633.4298172,Greenhouse ITS1 Rows C1-8 D1-8 E1-8 A9 A10,17389074.56,22.51333333,0.130128142,501000,30610.45573,1252313323,Greenhouse 16S Set 2 D1-8 E1-8 F1-8 B9 B10,6,7.24027646962894,9.09771300093985
PsZm5,RPsZm5,PsZm,5,Pea,Maize,12.03,3.79,na,na,1.07,na,8.24,na,04/05/2022,04/11/2022,4/14/2022,4/18/2022,4/25/2022,4/15/2022,4/26/2022,26.8,2.47,0.29,PsZm5,89.758,90.633,65.329,81.90666667,9.672,24.39333333,0.030550505,9120,170.5872211,Greenhouse ITS1 Rows C1-8 D1-8 E1-8 A9 A10,15446418.53,21.80666667,0.188767935,702000,63529.5207,1188967742,Greenhouse 16S Set 2 D1-8 E1-8 F1-8 B9 B10,6,7.18882779813196,9.0751700718925
PsZm6,RPsZm6,PsZm,6,Pea,Maize,12.61,4.35,na,na,1.13,na,8.26,na,04/05/2022,04/11/2022,4/14/2022,4/19/2022,4/25/2022,4/15/2022,4/26/2022,25.3,2.01,0.3,PsZm6,54.181,91.493,84.192,76.622,1.726,22.04666667,0.058594653,36366.66667,1250.333289,Greenhouse ITS1 Rows C1-8 D1-8 E1-8 A9 A10,322883746.6,23.08666667,0.070237692,381666.6667,13051.1813,3388651603,Greenhouse 16S Set 2 D1-8 E1-8 F1-8 B9 B10,6,8.50904618394689,9.53002692007004
PsZm7,RPsZm7,PsZm,7,Pea,Maize,11.81,3.52,na,na,1.04,na,8.29,na,04/05/2022,04/11/2022,4/14/2022,4/19/2022,4/25/2022,4/15/2022,4/26/2022,27.2,1.93,0.27,PsZm7,93.26,90.844,83.277,89.127,5.725,24.57666667,0.160727513,8210,745.0503339,Greenhouse ITS1 Rows C1-8 D1-8 E1-8 A9 A10,25562713.36,22.14,0.300499584,601666.6667,88262.86497,1873353537,Greenhouse 16S Set 2 D1-8 E1-8 F1-8 B9 B10,6,7.40760695021925,9.27261974463604
PsZm8,RPsZm8,PsZm,8,Pea,Maize,9.39,1.07,na,na,0.38,na,8.32,na,04/05/2022,04/11/2022,4/14/2022,4/19/2022,4/25/2022,4/15/2022,4/26/2022,31.7,2.21,0.27,PsZm8,91.634,76.39,52.86,73.628,2.71,24.55333333,0.196299092,8333.333333,946.9072464,Greenhouse ITS1 Rows C1-8 D1-8 E1-8 A9 A10,45281672.82,22.29,0.435889894,564333.3333,108647.7489,3066474883,Greenhouse 16S Set 2 D1-8 E1-8 F1-8 B9 B10,6,7.65592246241775,9.48663941180219
PsZm9,RPsZm9,PsZm,9,Pea,Maize,10.51,2.24,na,na,0.76,na,8.27,na,04/05/2022,04/11/2022,4/14/2022,4/19/2022,4/25/2022,4/15/2022,4/26/2022,23.6,1.74,0.21,PsZm9,83.613,83.871,62.475,76.653,5.97,23.3,0.08660254,17000,781.0249676,Greenhouse ITS1 Rows F1-8 G1-8 B-G 9 and 10,43654974.87,22.98,0.132287566,380333.3333,23245.07116,976673065.3,Greenhouse 16S Set 3 E1-8 G1-8 C-G 9-10,6,7.64003374255424,8.98974921090617
PsZm10,RPsZm10,PsZm,10,Pea,Maize,13.11,4.85,na,na,1.31,na,8.26,na,04/05/2022,04/11/2022,4/14/2022,4/19/2022,4/25/2022,4/15/2022,4/26/2022,26.6,2.12,0.26,PsZm10,63.781,80.346,79.791,74.63933333,5.812,22.99333333,0.130511813,20266.66667,1497.776129,Greenhouse ITS1 Rows F1-8 G1-8 B-G 9 and 10,52054042.97,22.83666667,0.134288247,406666.6667,25146.23895,1044505468,Greenhouse 16S Set 3 E1-8 G1-8 C-G 9-10,6,7.71645446624565,9.01891071785966
